<Properties>
<Boolean id="NoReg">true</Boolean>
<Boolean id="DontUpdate">true</Boolean>
<Boolean id="NoInternetScores">true</Boolean>
<Boolean id="DefaultWindowed">false</Boolean>
<Boolean id="ShowTrialStatus">false</Boolean>
<Boolean id="NoIHSUpsell">true</Boolean>
<Integer id="LoadingBarY">330</Integer>
<Integer id="OptionsDialogHeight">315</Integer>
<Integer id="NumOptionsLinks">1</Integer>
<String id="OptionsLinkText0">Play More Great Games!</String>
<String id="OptionsLinkURL0">http://www.popcap.com/?cid=retail_direct</String>
<String id="ProdName">Bookworm</String>
<String id="RegistryKey">PopCap\Bookworm</String>
</Properties>
