﻿<Properties>
<Bullets id="main" width="409" font="!sys:Arial:10,bold">
<Bullet id="Bullet1" image="custom/images/bullet1">¡Mejores gráficos, música y efectos!</Bullet>
<Bullet id="Bullet2" image="custom/images/bullet2" spacing="10">¡Guarda las puntuaciones más altas en el Salón de la Fama!</Bullet>
<Bullet id="Bullet3" image="custom/images/bullet3">¡Juega en cualquier momento... no se necesita conexión a Internet!</Bullet>
</Bullets>

<String id="CopyrightDisclaimer">©2002,2007 PopCap Games, Inc. Reservados todos los derechos. Bookworm, PopCap Games y el logotipo de PopCap Games&cr;son marcas comerciales de PopCap Games, Inc., que pueden estar registradas en Estados Unidos y otros países.</String>
</Properties>