<Properties>
	<Boolean id="DefaultWindowed">False</Boolean>
	<Boolean id="NoReg">True</Boolean>
	<Boolean id="DontUpdate">True</Boolean>
	<Boolean id="NoInternetScores">True</Boolean>
	
	<Integer id="NumOptionsLinks">0</Integer>

	<String id="FontPath">fonts\</String>
	<String id="ImagePath">images\</String>
	<String id="SoundPath">sounds\</String>
	
	<Boolean id="ShowTrialStatus">False</Boolean>
	<Integer id="LoadingBarY">330</Integer>
	<Integer id="OptionsDialogHeight">315</Integer>
	<Integer id="MaxTime">0</Integer>
</Properties>
