﻿<Properties>
	<Layout screen="APScreen">
		<Image x="0" y="0" src="common/images/ecomm_wrapper_background_centered" />
		<Image x="395" y="74" halign="center" valign="center" src="logo" />
		<Text halign="right" valign="center" x="22" y="233" width="239" height="18" color="#000000" font="!sys:Arial:9,bold" id="OrderNumber" />
		<Text halign="center" valign="center" x="88" y="149" width="465" height="37" color="#CC0000" font="!sys:Arial:12,bold" id="HeaderAPScreen" />
		<Text halign="center" valign="center" x="36" y="196" width="571" height="18" color="#FF6600" font="!sys:Arial:9,bold" id="MessageAPScreen" />
		<Text halign="center" valign="center" x="0" y="455" width="640" height="25" color="#CCCCCC" font="!sys:Arial:8" spacing="10" id="CopyrightDisclaimer" />
		<Text halign="center" valign="center" x="95" y="368" width="453" height="18" color="#CC0000" font="!sys:Arial:9,bold" id="!prog:gScreen.mError" />
		<Button id="Cancel" x="114" y="278" normal="common/images/btn_cancel" over="common/images/btn_cancel2" applyMask="common/images/btn_mask" function="Cancel" />
		<Button id="Register" x="321" y="278" normal="common/images/btn_register" over="common/images/btn_register2" applyMask="common/images/btn_mask" function="Register" />
		<Button id="Help" x="510" y="417" normal="common/images/btn_help" over="common/images/btn_help2" tooltip="HelpTooltip" function="ShowHelp" />
		<Button id="Privacy" x="547" y="419" normal="common/images/btn_privacy" over="common/images/btn_privacy2" tooltip="PrivacyTooltip" function="ShowPrivacy" />
		<Button id="Security" x="584" y="417" normal="common/images/btn_security" over="common/images/btn_security2" tooltip="SecurityTooltip" function="ShowSecurity" />
		<Button id="BBB" x="22" y="372" normal="common/images/bbb" function="ShowBBB" />
		<Link id="ResendReceipt" x="319" y="410" label="LinkLabelLostEmailReceipt" font="!sys:Arial:9,bold" color="#003399" color_over="#FF6600" function="ResendReceipt" />
		<Link id="ManualAP" x="324" y="434" label="LinkLabelEnterRegKeyManually" font="!sys:Arial:9,bold" color="#003399" color_over="#FF6600" function="EnterRegKey" />
	</Layout>

	<Layout screen="ConnectBegin">
		<Image x="0" y="0" src="common/images/ecomm_wrapper_background_centered" />
		<Image x="395" y="74" halign="center" valign="center" src="logo" />
		<Image x="30" y="200" src="common/images/icon_connected" />
		<Text halign="center" valign="center" x="88" y="149" width="465" height="37" color="#CC0000" font="!sys:Arial:12,bold" id="!prog:gConnectBegin_Header" />
		<Text halign="center" valign="center" x="58" y="196" width="524" height="18" color="#FF6600" font="!sys:Arial:9,bold" id="!prog:gConnectBegin_Message" />
		<Text halign="center" valign="center" x="0" y="455" width="640" height="25" color="#CCCCCC" font="!sys:Arial:8" spacing="10" id="CopyrightDisclaimer" />
		<Text halign="center" valign="center" x="25" y="274" width="591" height="66" color="#000000" font="!sys:Arial:9,bold" id="!prog:gConnectBegin_Details" />
		<Text halign="center" valign="center" x="84" y="369" width="490" height="18" color="#000000" font="!sys:Arial:9,bold" id="!prog:gConnectBegin_ButtonInfo" />
		<Button id="Cancel" x="123" y="394" normal="common/images/btn_cancel" over="common/images/btn_cancel2" applyMask="common/images/btn_mask" function="Cancel" />
		<Button id="Retry" x="330" y="394" normal="common/images/btn_retry" over="common/images/btn_retry2" applyMask="common/images/btn_mask" function="Retry" />
		<Button id="BBB" x="22" y="372" normal="common/images/bbb" function="ShowBBB" />
	</Layout>

	<Layout screen="ConnectCheck">
		<Image x="0" y="0" src="common/images/ecomm_wrapper_background_centered" />
		<Image x="395" y="74" halign="center" valign="center" src="logo" />
		<Image x="30" y="200" src="common/images/icon_connecting" />
		<Text halign="center" valign="center" x="88" y="149" width="465" height="37" color="#CC0000" font="!sys:Arial:12,bold" id="!prog:gConnectCheck_Header" />
		<Text halign="center" valign="center" x="94" y="193" width="444" height="29" color="#FF6600" font="!sys:Arial:9,bold" id="!prog:gConnectCheck_Message" />
		<Text halign="center" valign="center" x="0" y="455" width="640" height="25" color="#CCCCCC" font="!sys:Arial:8" spacing="10" id="CopyrightDisclaimer" />
		<Button id="BBB" x="22" y="372" normal="common/images/bbb" function="ShowBBB" />
	</Layout>

	<Layout screen="EndScreen">
		<Image x="0" y="0" src="common/images/ecomm_wrapper_background" />
		<Image x="114" y="246" halign="center" valign="center" src="game" />
		<Image x="395" y="74" halign="center" valign="center" src="logo" />
		<Image x="418" y="266" halign="center" valign="center" src="!prog:return gBulletManager:GetImage('main')" />
		<Text halign="center" valign="center" x="218" y="192" width="399" height="18" color="#003399" font="!sys:Arial:8,bold" id="MessageExpireScreenPreBullet" />
		<Text halign="center" valign="center" x="218" y="325" width="399" height="18" color="#003399" font="!sys:Arial:8,bold" id="MessageExpireScreenPostBullet" />
		<Text halign="center" valign="center" x="218" y="157" width="399" height="21" color="#CC0000" font="!sys:Arial:10,bold" id="!prog:gScreen:GetTimeLeftString()" />
		<Text halign="center" valign="center" x="0" y="455" width="640" height="25" color="#CCCCCC" font="!sys:Arial:8" spacing="10" id="CopyrightDisclaimer" />
		<Button id="Finish" x="213" y="370" normal="common/images/btn_finish" over="common/images/btn_finish2" applyMask="common/images/btn_mask" function="Finish" />
		<Button id="BuyNow" x="420" y="370" normal="common/images/btn_buynow" over="common/images/btn_buynow2" applyMask="common/images/btn_mask" function="BuyNow" />
		<Button id="Help" x="510" y="417" normal="common/images/btn_help" over="common/images/btn_help2" tooltip="HelpTooltip" function="ShowHelp" />
		<Button id="Privacy" x="547" y="419" normal="common/images/btn_privacy" over="common/images/btn_privacy2" tooltip="PrivacyTooltip" function="ShowPrivacy" />
		<Button id="Security" x="584" y="417" normal="common/images/btn_security" over="common/images/btn_security2" tooltip="SecurityTooltip" function="ShowSecurity" />
		<Button id="BBB" x="22" y="372" normal="common/images/bbb" function="ShowBBB" />
		<Link id="APLink" x="320" y="434" label="LinkLabelAlreadyPurchased" font="!sys:Arial:9,bold" color="#003399" color_over="#FF6600" function="APScreen" />
	</Layout>

	<Layout screen="ExpireScreen">
		<Image x="0" y="0" src="common/images/ecomm_wrapper_background" />
		<Image x="114" y="224" halign="center" valign="center" src="!prog:return GetDrmSS()" />
		<Image x="114" y="245" halign="center" valign="center" src="common/images/ssframe" />
		<Image x="395" y="74" halign="center" valign="center" src="logo" />
		<Image x="418" y="266" halign="center" valign="center" src="!prog:return gBulletManager:GetImage('main')" />
		<Image x="213" y="370" applyMask="common/images/btn_mask" src="common/images/btn_play3" />
		<Text halign="center" valign="center" x="218" y="192" width="399" height="18" color="#003399" font="!sys:Arial:8,bold" id="MessageExpireScreenPreBullet" />
		<Text halign="center" valign="center" x="218" y="325" width="399" height="18" color="#003399" font="!sys:Arial:8,bold" id="MessageExpireScreenPostBullet" />
		<Text halign="center" valign="center" x="218" y="157" width="399" height="21" color="#CC0000" font="!sys:Arial:12,bold" id="HeaderExpireTimeLeftLabel" />
		<Text halign="center" valign="center" x="0" y="455" width="640" height="25" color="#CCCCCC" font="!sys:Arial:8" spacing="10" id="CopyrightDisclaimer" />
		<Button id="BuyNow" x="420" y="370" normal="common/images/btn_buynow" over="common/images/btn_buynow2" applyMask="common/images/btn_mask" function="BuyNow" />
		<Button id="Help" x="510" y="417" normal="common/images/btn_help" over="common/images/btn_help2" tooltip="HelpTooltip" function="ShowHelp" />
		<Button id="Privacy" x="547" y="419" normal="common/images/btn_privacy" over="common/images/btn_privacy2" tooltip="PrivacyTooltip" function="ShowPrivacy" />
		<Button id="Security" x="584" y="417" normal="common/images/btn_security" over="common/images/btn_security2" tooltip="SecurityTooltip" function="ShowSecurity" />
		<Button id="BBB" x="22" y="372" normal="common/images/bbb" function="ShowBBB" />
		<Link id="APLink" x="320" y="434" label="LinkLabelAlreadyPurchased" font="!sys:Arial:9,bold" color="#003399" color_over="#FF6600" function="APScreen" />
	</Layout>

	<Layout screen="ManualAPScreen">
		<Image x="0" y="0" src="common/images/ecomm_wrapper_background_centered" />
		<Image x="395" y="74" halign="center" valign="center" src="logo" />
		<Text halign="right" valign="center" x="22" y="233" width="239" height="18" color="#000000" font="!sys:Arial:9,bold" id="RegistrationKey" />
		<Text halign="center" valign="center" x="88" y="149" width="465" height="37" color="#CC0000" font="!sys:Arial:12,bold" id="HeaderManualAPScreen" />
		<Text halign="center" valign="center" x="36" y="196" width="571" height="18" color="#FF6600" font="!sys:Arial:9,bold" id="MessageManualAPScreen" />
		<Text halign="center" valign="center" x="0" y="455" width="640" height="25" color="#CCCCCC" font="!sys:Arial:8" spacing="10" id="CopyrightDisclaimer" />
		<Text halign="center" valign="center" x="95" y="368" width="453" height="18" color="#CC0000" font="!sys:Arial:9,bold" id="!prog:gScreen.mError" />
		<Button id="Cancel" x="114" y="278" normal="common/images/btn_cancel" over="common/images/btn_cancel2" applyMask="common/images/btn_mask" function="Cancel" />
		<Button id="Register" x="321" y="278" normal="common/images/btn_register" over="common/images/btn_register2" applyMask="common/images/btn_mask" function="Register" />
		<Button id="Help" x="510" y="417" normal="common/images/btn_help" over="common/images/btn_help2" tooltip="HelpTooltip" function="ShowHelp" />
		<Button id="Privacy" x="547" y="419" normal="common/images/btn_privacy" over="common/images/btn_privacy2" tooltip="PrivacyTooltip" function="ShowPrivacy" />
		<Button id="Security" x="584" y="417" normal="common/images/btn_security" over="common/images/btn_security2" tooltip="SecurityTooltip" function="ShowSecurity" />
		<Button id="BBB" x="22" y="372" normal="common/images/bbb" function="ShowBBB" />
		<Link id="ResendReceipt" x="319" y="434" label="LinkLabelLostEmailReceipt" font="!sys:Arial:9,bold" color="#003399" color_over="#FF6600" function="ResendReceipt" />
	</Layout>

	<Layout screen="RegFailed">
		<Image x="0" y="0" src="common/images/ecomm_wrapper_background_centered" />
		<Image x="395" y="74" halign="center" valign="center" src="logo" />
		<Text halign="center" valign="center" x="88" y="149" width="465" height="37" color="#CC0000" font="!sys:Arial:12,bold" id="!prog:gErrorScreen_Header" />
		<Text halign="center" valign="center" x="25" y="196" width="592" height="36" color="#FF6600" font="!sys:Arial:9,bold" id="!prog:gErrorScreen_Message" />
		<Text halign="center" valign="center" x="0" y="455" width="640" height="25" color="#CCCCCC" font="!sys:Arial:8" spacing="10" id="CopyrightDisclaimer" />
		<Text halign="center" valign="center" x="25" y="233" width="592" height="110" color="#000000" font="!sys:Arial:9" id="!prog:gErrorScreen_Details" />
		<Button id="Retry" x="114" y="370" normal="common/images/btn_retry" over="common/images/btn_retry2" applyMask="common/images/btn_mask" function="Retry" />
		<Button id="Cancel" x="321" y="370" normal="common/images/btn_cancel" over="common/images/btn_cancel2" applyMask="common/images/btn_mask" function="Cancel" />
		<Button id="Help" x="510" y="417" normal="common/images/btn_help" over="common/images/btn_help2" tooltip="HelpTooltip" function="ShowHelp" />
		<Button id="Privacy" x="547" y="419" normal="common/images/btn_privacy" over="common/images/btn_privacy2" tooltip="PrivacyTooltip" function="ShowPrivacy" />
		<Button id="Security" x="584" y="417" normal="common/images/btn_security" over="common/images/btn_security2" tooltip="SecurityTooltip" function="ShowSecurity" />
		<Button id="BBB" x="22" y="372" normal="common/images/bbb" function="ShowBBB" />
	</Layout>

	<Layout screen="RegSucceeded">
		<Image x="0" y="0" src="common/images/ecomm_wrapper_background_centered" />
		<Image x="395" y="74" halign="center" valign="center" src="logo" />
		<Image x="30" y="200" src="common/images/icon_complete" />
		<Text halign="center" valign="center" x="88" y="149" width="465" height="37" color="#CC0000" font="!sys:Arial:12,bold" id="HeaderRegSucceeded" />
		<Text halign="center" valign="center" x="25" y="196" width="592" height="36" color="#FF6600" font="!sys:Arial:9,bold" id="MessageRegSucceeded" />
		<Text halign="center" valign="center" x="0" y="455" width="640" height="25" color="#CCCCCC" font="!sys:Arial:8" spacing="10" id="CopyrightDisclaimer" />
		<Text halign="center" valign="center" x="25" y="271" width="592" height="66" color="#000000" font="!sys:Arial:9,bold" id="DetailsRegSucceeded" />
		<Button id="Continue" x="213" y="370" normal="common/images/btn_continue" over="common/images/btn_continue2" applyMask="common/images/btn_mask" function="Continue" />
		<Button id="BBB" x="22" y="372" normal="common/images/bbb" function="ShowBBB" />
	</Layout>

	<Layout screen="ResendReceiptScreen">
		<Image x="0" y="0" src="common/images/ecomm_wrapper_background_centered" />
		<Image x="395" y="74" halign="center" valign="center" src="logo" />
		<Text halign="right" valign="center" x="22" y="241" width="239" height="18" color="#000000" font="!sys:Arial:9,bold" id="OrderEmailAddress" />
		<Text halign="right" valign="center" x="22" y="271" width="239" height="18" color="#000000" font="!sys:Arial:9,bold" id="LastFourCCDigits" />
		<Text halign="center" valign="center" x="88" y="149" width="465" height="37" color="#CC0000" font="!sys:Arial:12,bold" id="HeaderResendReceiptScreen" />
		<Text halign="center" valign="center" x="25" y="196" width="592" height="36" color="#FF6600" font="!sys:Arial:9,bold" id="MessageResendReceiptScreen" />
		<Text halign="center" valign="center" x="0" y="455" width="640" height="25" color="#CCCCCC" font="!sys:Arial:8" spacing="10" id="CopyrightDisclaimer" />
		<Text halign="center" valign="center" x="95" y="368" width="453" height="18" color="#CC0000" font="!sys:Arial:9,bold" id="!prog:gScreen.mError" />
		<Button id="Cancel" x="114" y="300" normal="common/images/btn_cancel" over="common/images/btn_cancel2" applyMask="common/images/btn_mask" function="Cancel" />
		<Button id="SendReceipt" x="321" y="300" normal="common/images/btn_sendreceipt" over="common/images/btn_sendreceipt2" applyMask="common/images/btn_mask" function="SendReceipt" />
		<Button id="Help" x="510" y="417" normal="common/images/btn_help" over="common/images/btn_help2" tooltip="HelpTooltip" function="ShowHelp" />
		<Button id="Privacy" x="547" y="419" normal="common/images/btn_privacy" over="common/images/btn_privacy2" tooltip="PrivacyTooltip" function="ShowPrivacy" />
		<Button id="Security" x="584" y="417" normal="common/images/btn_security" over="common/images/btn_security2" tooltip="SecurityTooltip" function="ShowSecurity" />
		<Button id="BBB" x="22" y="372" normal="common/images/bbb" function="ShowBBB" />
	</Layout>

	<Layout screen="TrialScreen">
		<Image x="0" y="0" src="common/images/ecomm_wrapper_background" />
		<Image x="114" y="246" halign="center" valign="center" src="game" />
		<Image x="395" y="74" halign="center" valign="center" src="logo" />
		<Image x="418" y="266" halign="center" valign="center" src="!prog:return gBulletManager:GetImage('main')" />
		<Text halign="center" valign="center" x="218" y="192" width="399" height="18" color="#003399" font="!sys:Arial:8,bold" id="MessageTrialScreenPreBullet" />
		<Text halign="center" valign="center" x="218" y="325" width="399" height="18" color="#003399" font="!sys:Arial:8,bold" id="MessageTrialScreenPostBullet" />
		<Text halign="center" valign="center" x="218" y="157" width="399" height="21" color="#CC0000" font="!sys:Arial:10,bold" id="!prog:gScreen:GetTimeLeftString()" />
		<Text halign="center" valign="center" x="0" y="455" width="640" height="25" color="#CCCCCC" font="!sys:Arial:8" spacing="10" id="CopyrightDisclaimer" />
		<Button id="Play" x="213" y="370" normal="common/images/btn_play" over="common/images/btn_play2" applyMask="common/images/btn_mask" function="Play" />
		<Button id="BuyNow" x="420" y="370" normal="common/images/btn_buynow" over="common/images/btn_buynow2" applyMask="common/images/btn_mask" function="BuyNow" />
		<Button id="Help" x="510" y="417" normal="common/images/btn_help" over="common/images/btn_help2" tooltip="HelpTooltip" function="ShowHelp" />
		<Button id="Privacy" x="547" y="419" normal="common/images/btn_privacy" over="common/images/btn_privacy2" tooltip="PrivacyTooltip" function="ShowPrivacy" />
		<Button id="Security" x="584" y="417" normal="common/images/btn_security" over="common/images/btn_security2" tooltip="SecurityTooltip" function="ShowSecurity" />
		<Button id="BBB" x="22" y="372" normal="common/images/bbb" function="ShowBBB" />
		<Link id="APLink" x="320" y="434" label="LinkLabelAlreadyPurchased" font="!sys:Arial:9,bold" color="#003399" color_over="#FF6600" function="APScreen" />
	</Layout>

	<String id="BBBURL">http://www.bbbonline.org/cksSP.asp?id=10301231744429255</String>
	<String id="ButtonInfoBuyBegin">Cancelar para salir de esta pantalla de compra o Reintentar para iniciar de nuevo el proceso de compra.</String>
	<String id="ButtonInfoResendReceiptBegin"></String>
	<String id="CloseTooltip">Cerrar</String>
	<String id="ConnectCheckURL">Str_StoreURL .. &quot;wrapper_connect.txt?n=&quot; .. math.random(1, 100000)</String>
	<String id="CustomerSupportURL">http://www.popcap.com/es/help.php</String>
	<String id="DetailsBuyBegin">Una vez completada la compra en el sitio Web de PopCap y recibida la Clave de registro, el proceso de registro finalizará automáticamente.&cr;&cr;Si el proceso de registro no finaliza, seleccione ^:id=ManualAP,label=LinkLabelEnterRegKeyManually,font=!sys:Arial:9\,bold,color=#003399,color_over=#FF6600,function=EnterRegKey:^</String>
	<String id="DetailsBuyConnectFail">Para continuar tienes que acceder al sitio Web de PopCap con una conexión a Internet activa. Comprueba que el ordenador está en línea y que puedes acceder a Internet (lo normal es que accedas a través de un módem o una tarjeta de red). Para que el juego pueda acceder a Internet, es posible que tengas que configurar cualquier software de seguridad o cortafuegos que bloquee el acceso a Internet. Una vez que el ordenador esté en línea y puedas acceder al sitio Web de PopCap, reinicia el proceso de compra.</String>
	<String id="DetailsRegBegin"> Si se ha iniciado el sitio web de PopCap y se le ha proporcionado su Clave de registro, este proceso de registro se realizará automáticamente.&cr;&cr;Si el proceso no se realiza, utilice Reintentar o ^:id=ManualAP,label=LinkLabelEnterRegKeyManually,font=!sys:Arial:9\,bold,color=#003399,color_over=#FF6600,function=EnterRegKey:^</String>
	<String id="DetailsRegConnectFail">Para continuar tienes que acceder al sitio Web de PopCap con una conexión a Internet activa. Comprueba que el ordenador está en línea y que puedes acceder a Internet (lo normal es que accedas a través de un módem o una tarjeta de red). Para que el juego pueda acceder a Internet, es posible que tengas que configurar cualquier software de seguridad o cortafuegos que bloquee el acceso a Internet. Una vez que el ordenador esté en línea y puedas acceder al sitio Web de PopCap, reinicia el proceso de compra.</String>
	<String id="DetailsRegSucceeded">Gracias por comprar y registrar este juego de PopCap.</String>
	<String id="DetailsResendReceiptBegin">Si has accedido al sitio Web de PopCap e indicado que se reenvíe el correo electrónico de recepción de tu pedido, envía la información que recibas aquí: ^:id=APLink,label=LinkLabelAlreadyPurchased,font=!sys:Arial:9\,bold,color=#003399,color_over=#FF6600,function=APScreen:^&cr;&cr;Si encuentras dificultades, selecciona Reintentar o ^:id=APLink,label=LinkLabelContactCustomerSupport,font=!sys:Arial:9\,bold,color=#003399,color_over=#FF6600,function=ContactCustomerSupport:^</String>
	<String id="DetailsResendReceiptConnectFail">Para continuar tienes que acceder al sitio Web de PopCap con una conexión a Internet activa. Comprueba que el ordenador está en línea y que puedes acceder a Internet (lo normal es que accedas a través de un módem o una tarjeta de red). Para que el juego pueda acceder a Internet, es posible que tengas que configurar cualquier software de seguridad o cortafuegos que bloquee el acceso a Internet. Una vez que el ordenador esté en línea y puedas acceder al sitio Web de PopCap, reinicia el proceso de compra.</String>
	<String id="EditFont">!sys:Arial:9,bold</String>
	<String id="ErrorAP">Introduce un número de pedido válido</String>
	<String id="ErrorLastFourCC">Introduce el número de una tarjeta de crédito válida</String>
	<String id="ErrorManualAP">Introduce una clave de registro válida</String>
	<String id="ErrorOrderEmail">Introduce una dirección de correo electrónico válida en el pedido</String>
	<String id="ESRBURL">http://www.esrb.org/ratings/ratings_guide.jsp#symbols</String>
	<String id="HeaderAPScreen">INTRODUCE LA INFORMACIÓN DE TU COMPRA</String>
	<String id="HeaderBuyBegin">COMPRA Y REGISTRO EN CURSO</String>
	<String id="HeaderBuyConnect">ACCESO AL SITIO WEB DE POPCAP</String>
	<String id="HeaderBuyConnectFail">IMPOSIBLE CONTINUAR CON LA COMPRA DEL JUEGO</String>
	<String id="HeaderExpireTimeLeftLabel">EL PERIODO DE PRUEBA DE 60 MINUTOS HA CONCLUIDO.</String>
	<String id="HeaderManualAPScreen">INTRODUCE TU INFORMACIÓN DE REGISTRO</String>
	<String id="HeaderPurchaseScreen">GRACIAS POR COMPRAR</String>
	<String id="HeaderRegBegin">REGISTRO EN CURSO</String>
	<String id="HeaderRegConnect">ACCESO AL SITIO WEB DE POPCAP</String>
	<String id="HeaderRegConnectFail">IMPOSIBLE CONTINUAR CON EL REGISTRO</String>
	<String id="HeaderRegFailed">ERROR EN EL REGISTRO</String>
	<String id="HeaderRegSucceeded">¡ENHORABUENA!</String>
	<String id="HeaderResendReceiptBegin">RECUPERACIÓN DEL RECIBO DEL PEDIDO EN CURSO</String>
	<String id="HeaderResendReceiptConnect">ACCESO AL SITIO WEB DE POPCAP</String>
	<String id="HeaderResendReceiptConnectFail">ERROR EN LA SOLICITUD DE REENVÍO DE RECEPCIÓN</String>
	<String id="HeaderResendReceiptScreen">REENVIAR LA INFORMACIÓN DE RECEPCIÓN DEL PEDIDO</String>
	<String id="HeaderTimeLeftLabelPlural">SÓLO TE QUEDAN %d MINUTOS PARA JUGAR GRATIS.</String>
	<String id="HeaderTimeLeftLabelSingular">SÓLO TE QUEDA %d MINUTO PARA JUGAR GRATIS.</String>
	<String id="HelpHeader">AYUDA</String>
	<String id="HelpTooltip">Ayuda</String>
	<String id="LastFourCCDigits">Últimos cuatro dígitos de la tarjeta de crédito:</String>
	<String id="LinkLabelAlreadyPurchased">¿Ya has comprado este juego?</String>
	<String id="LinkLabelContactCustomerSupport">Contactar con asistencia al cliente</String>
	<String id="LinkLabelEnterRegKeyManually">Introducir la Clave de registro manualmente</String>
	<String id="LinkLabelLostEmailReceipt">¿Ha perdido su correo electrónico de recibo?</String>
	<String id="MessageAPScreen">Registra el juego utilizando el Número de pedido indicado en el recibo del pedido del sitio Web o en el recibo por correo electrónico.</String>
	<String id="MessageBuyBegin">El proceso de compra se ha iniciado en el sitio Web de PopCap.</String>
	<String id="MessageBuyConnect">Espera mientras el explorador se conecta al sitio Web de PopCap.</String>
	<String id="MessageBuyConnectFail">Se ha producido un error durante la conexión al sitio Web de PopCap para comprar el juego.</String>
	<String id="MessageEndScreenPostBullet">No es necesario un CD ni descargar nada. ¡Es fácil!</String>
	<String id="MessageEndScreenPreBullet">Compra el juego antes de que termine el periodo de prueba de 60 minutos.</String>
	<String id="MessageExpireScreenPostBullet">No es necesario un CD ni descargar nada. ¡Es fácil!</String>
	<String id="MessageExpireScreenPreBullet">Compra el juego hoy mismo para poder seguir jugando.</String>
	<String id="MessageExpireScreenshot">Compra el juego y vuelve a la acción.</String>
	<String id="MessageManualAPScreen">Copia la Clave de registro del sitio Web de PopCap o del correo electrónico de recibo y pégala abajo.</String>
	<String id="MessagePurchaseScreen">Haz clic en Continuar para finalizar el registro del juego.</String>
	<String id="MessageRegBegin">La información del pedido se está recuperando del sitio Web de PopCap.</String>
	<String id="MessageRegConnect">Espera mientras el explorador se conecta al sitio Web de PopCap.</String>
	<String id="MessageRegConnectFail">Se ha producido un error durante la conexión al sitio Web de PopCap para registrarte.</String>
	<String id="MessageRegFailed">No has registrado y desbloqueado correctamente el juego.</String>
	<String id="MessageRegSucceeded">Has registrado y desbloqueado correctamente el juego.</String>
	<String id="MessageResendReceiptBegin">Tu información se está enviando al sitio Web de PopCap para ser procesada.</String>
	<String id="MessageResendReceiptConnect">Espera mientras el explorador se conecta al sitio Web de PopCap.</String>
	<String id="MessageResendReceiptConnectFail">Se ha producido un error durante la conexión al sitio Web de PopCap para recuperar tu información.</String>
	<String id="MessageResendReceiptScreen">Introduce la dirección de correo electrónico y los cuatro últimos dígitos de la tarjeta de crédito utilizados en el pedido original. Los números de la tarjeta se utilizarán sólo para verificación. Tu recibo se reenviará pero NO se te volverá a cobrar.</String>
	<String id="MessageTrialScreenPostBullet">No es necesario un CD ni descargar nada. ¡Es fácil!</String>
	<String id="MessageTrialScreenPreBullet">Compra el juego antes de que termine el periodo de prueba de 60 minutos.</String>
	<String id="OrderEmailAddress">Dirección de correo electrónico de pedido:</String>
	<String id="OrderNumber">Número de pedido:</String>
	<String id="PrivacyHeader">PRIVACIDAD</String>
	<String id="PrivacyTooltip">Privacidad</String>
	<String id="ReadmeURL">leeme.html</String>
	<String id="RegistrationKey">Clave de registro:</String>
	<String id="SecurityHeader">SEGURIDAD</String>
	<String id="SecurityTooltip">Seguridad</String>
	<String id="StoreURL">http://store.popcap.com/</String>
	<String id="TextletFont0">!sys:Arial:10</String>
	<String id="TextletFont1">!sys:Arial:10,bold</String>
	<String id="TextletHeaderFont">!sys:Arial:12,bold</String>
	<String id="TooltipFont">!sys:Arial:9,bold</String>
	<String id="TooltipFontEx">!sys:Arial:9</String>
</Properties>
