﻿<?xml version="1.0" encoding="UTF-8" ?>
<Properties>
	<String id="ABORT_DIALOG_LINE1">¡Interrumpida!</String>
	<String id="ABORT_DIALOG_LINE2">%InstallName% no se ha instalado correctamente y no funcionará cuando lo intentes usar.</String>
	<String id="ABORT_DIALOG_LINE3">Si necesitas asistencia técnica, visita: http://www.popcap.com/help.php.</String>
	<String id="ABORT_DIALOG_TITLE">¡Instalación de %InstallName% interrumpida!</String>
	<String id="ABORT_POPUP_TEXT">%InstallName% no se ha terminado de instalar en el ordenador.&cr;¿Quieres cancelar la instalación?</String>
	<String id="ABORT_POPUP_TITLE">%InstallName% - ¿Cancelar la instalación?</String>
	<String id="ADMINISTRATOR_ACCOUNT_MESSAGE">Este producto se debe instalar mediante una cuenta de administrador.</String>
	<String id="BROWSE_FOR_FOLDER">Buscar carpeta</String>
	<String id="BUTTON_AGREE">Acepto</String>
	<String id="BUTTON_BACK">&lt; Volver</String>
	<String id="BUTTON_BROWSE">Examinar</String>
	<String id="BUTTON_CANCEL">Cancelar</String>
	<String id="BUTTON_CHANGE_SETTINGS">Cambiar la configuración</String>
	<String id="BUTTON_DONE">Hecho</String>
	<String id="BUTTON_DONT_AGREE">No acepto</String>
	<String id="BUTTON_EXIT">Salir</String>
	<String id="BUTTON_NEXT">Siguiente &gt;</String>
	<String id="BUTTON_NO">No</String>
	<String id="BUTTON_VIEW_README">Ver el archivo Léeme</String>
	<String id="BUTTON_YES">Sí</String>
	<String id="COINITIALIZE_FAILED">Error de CoInitialize.</String>
	<String id="DRIVE_NOT_SUFFICIENT">La unidad especificada no tiene suficiente espacio. Selecciona otra ruta de acceso.</String>
	<String id="DRIVE_NOT_SUFFICIENT_TITLE">¡Espacio insuficiente!</String>
	<String id="DX_UPGRADE_TEXT">%InstallName% necesita al menos DirectX %MinDXVer% para ejecutarse.&cr;Pulsa Aceptar para abrir una página Web desde la que descargarlo.</String>
	<String id="DX_UPGRADE_TITLE">Se necesita DirectX %MinDXVer% </String>
	<String id="FATAL_POPUP_TITLE">¡Error fatal de %InstallName%!</String>
	<String id="INSTALL_DIALOG_EXTRACTING">Extrayendo</String>
	<String id="INSTALL_DIALOG_LINE1">Instalando...</String>
	<String id="INSTALL_DIALOG_TITLE">Instalando %InstallName%...</String>
	<String id="INSTALL_DIALOG_TOTAL_PROGRESS">Progreso total</String>
	<String id="INSTALL_ERROR">ERROR DE INSTALACIÓN</String>
	<String id="INVALID_DRIVE_SPECIFIED">La unidad especificada no es válida. &nbsp;Selecciona otra ruta de acceso.</String>
	<String id="INVALID_DRIVE_TITLE">¡Unidad no válida!</String>
	<String id="INVALID_PATH_CHARACTER_TEXT">La ruta de acceso especificada contiene un carácter no válido. &nbsp;Selecciona otra ruta de acceso.</String>
	<String id="INVALID_PATH_DRIVE_TEXT">Especifica una ruta de acceso, incluida la letra de la unidad.</String>
	<String id="INVALID_PATH_TEXT">Especifica una ruta de acceso válida en la que instalarlo.</String>
	<String id="INVALID_PATH_TITLE">¡Ruta de acceso no válida!</String>
	<String id="INVALID_STARTMENU_CHARACTER_TEXT">La ubicación del menú Inicio especificada contiene un carácter no válido. &nbsp;Selecciona otra ubicación del menú Inicio.</String>
	<String id="INVALID_STARTMENU_TITLE">¡Ubicación del menú Inicio no válida!</String>
	<String id="LAUNCH_DIALOG_LAUNCH_CHECK">Iniciar el juego ahora</String>
	<String id="LAUNCH_DIALOG_LINE1">¡Terminado!</String>
	<String id="LAUNCH_DIALOG_LINE2">¡%InstallName% ya está instalado y listo para jugar!</String>
	<String id="LAUNCH_DIALOG_LINE3">Si tienes algún problema, visita: http://www.popcap.com/help.php.</String>
	<String id="LAUNCH_DIALOG_TITLE">¡Instalación de %InstallName% completa!</String>
	<String id="LICENSE_DIALOG_LINE1">Contrato de licencia</String>
	<String id="LICENSE_DIALOG_TITLE">Contrato de licencia de %InstallName% </String>
	<String id="LICENSE_TXT_FILENAME">eula.txt</String>
	<String id="MAKE_NEW_FOLDER">Crear nueva carpeta</String>
	<String id="OPTIONS_DIALOG_DIRECTORY">Directorio en el que guardar los juegos de PopCap:</String>
	<String id="OPTIONS_DIALOG_LINE1">Configuración</String>
	<String id="OPTIONS_DIALOG_MENU_LOCATION">Ubicación del menú Inicio para los vínculos de PopCap:</String>
	<String id="OPTIONS_DIALOG_TITLE">Configuración de la instalación de %InstallName%</String>
	<String id="README_HTML_FILENAME">leeme.html</String>
	<String id="README_TXT_FILENAME">leeme.txt</String>
	<String id="SELECT_DIRECTORY">Seleccionar directorio</String>
	<String id="UNINSTALL_ADMINISTRATOR_ACCOUNT_MESSAGE">Este producto se debe desinstalar mediante una cuenta de administrador.</String>
	<String id="UNINSTALL_DIALOG_TITLE">Desinstalando %InstallName%...</String>
	<String id="UNINSTALL_ENSURE_NOT_RUNNING_TEXT">Asegúrate de que %InstallName% no se está ejecutando antes de continuar.</String>
	<String id="UNINSTALL_ENSURE_NOT_RUNNING_TITLE">Advertencia de desinstalación de %InstallName%</String>
	<String id="UNINSTALL_FAILED_POPUP_TEXT">No se ha podido desinstalar %InstallName%.</String>
	<String id="UNINSTALL_FAILED_POPUP_TITLE">¡%InstallName% no se ha desinstalado correctamente!</String>
	<String id="UNINSTALL_LEAVE_USER_DATA">Dejar la configuración y los datos de usuario</String>
	<String id="UNINSTALL_LOG_FILE_NOT_FOUND">No se encontró el registro de instalación</String>
	<String id="UNINSTALL_POPUP_TEXT">¿Estás seguro de que deseas desinstalar %InstallName%?</String>
	<String id="UNINSTALL_POPUP_TITLE">¿Desinstalar %InstallName%?</String>
	<String id="UNINSTALL_SUCCESS_POPUP_TEXT">%InstallName% se ha desinstalado correctamente.</String>
	<String id="UNINSTALL_SUCCESS_POPUP_TITLE">%InstallName% se ha desinstalado correctamente</String>
	<String id="WELCOME_DIALOG_DIRECTORY">Directorio en el que guardar los juegos de PopCap:</String>
	<String id="WELCOME_DIALOG_LINE1">¡Bienvenido!</String>
	<String id="WELCOME_DIALOG_LINE2">Bienvenido al programa de instalación de %InstallName%. &nbsp;Haz clic en Siguiente para instalar las opciones predeterminadas que se muestran más abajo.</String>
	<String id="WELCOME_DIALOG_MENU_LOCATION">Ubicación del menú Inicio para los vínculos de PopCap:</String>
	<String id="WELCOME_DIALOG_TITLE">Programa de instalación de %InstallName%</String>
</Properties>
