<Properties>
	<Boolean id="DefaultWindowed">False</Boolean>
	<Boolean id="NoReg">True</Boolean>
	<Boolean id="DontUpdate">True</Boolean>
	<Boolean id="NoInternetScores">True</Boolean>
	
	<Integer id="NumOptionsLinks">0</Integer>

	<String id="FontPath">zfonts\</String>
	<String id="ImagePath">zimages\</String>
	<String id="SoundPath">zsounds\</String>
	
	<Boolean id="ShowTrialStatus">False</Boolean>
	<Integer id="LoadingBarY">384</Integer>
	<Integer id="OptionsDialogHeight">315</Integer>
</Properties>
