<?xml version="1.0"?>
<Properties version="1.0" language="es" country="ES" lookandfeel="NORMAL" xmlns:xsi="http://www.w3.org/2001/XMLSchema-instance" xsi:noNamespaceSchemaLocation="">

<!-- Dialog Buttons -->
<String id="DIALOG_BUTTON_YES">SÍ</String>
<String id="DIALOG_BUTTON_NO">NO</String>
<String id="DIALOG_BUTTON_OK">ACEPTAR</String>
<String id="DIALOG_BUTTON_CANCEL">CANCELAR</String>

<!-- Update Dialog Stuff -->
<String id="UPDATE_CHECK_TITLE">Actualización</String>
<String id="UPDATE_CHECK_BODY">Conectando con Popcap.com para buscar actualizaciones...</String>
<String id="UP_TO_DATE_TITLE">Actualización</String>
<String id="UP_TO_DATE_BODY">No hay ninguna actualización.</String>
<String id="NEW_VERSION_TITLE">Nueva Versión</String>
<String id="NEW_VERSION_BODY">¡Se ha encontrado una actualización de este juego! ¿Queres descargar la actualización desde el sitio web?</String>

<!-- Exception Dialog Stuff -->
<String id="BUG_REPORT_TITLE">Excepción grave</String>
<String id="BUG_REPORT_BODY">Se ha producido un error en el programa.&cr;Se ha creado un informe de errores para enviar a PopCap.&cr;Este informe nos ayudará a encontrar la causa del problema.&cr;Para poder enviar el informe es necesario tener una conexión a Internet activa.&cr;&cr;¿Deseas enviar el error?</String>

<!-- Strings -->
<String id="CLICK_CONTINUE_CAPS">HAZ CLIC PARA CONTINUAR</String>
<String id="CLICK_CONTINUE">Haz clic aquí para continuar</String>
<String id="GAME_PAUSED">JUEgO EN PAUSA</String>
<String id="REGISTER">Regístrate</String>
<String id="LEAVE_GAME">SALIR</String>
<String id="QUIT">Salir</String>
<String id="PLAY">¡Jugar!</String>
<String id="CANCEL">Cancelar</String>
<String id="CONTINUE">Continuar</String>
<String id="DONE">HECHO</String>
<String id="OK">Aceptar</String>
<String id="YES">SÍ</String>
<String id="NO">NO</String>

<String id="SUBMIT">ENVIAR</String>

<String id="DICTIONARY_UPGRADE">¿Actualizar diccionario?</String>
<String id="DICTIONARY_UPGRADE_TEXT">Para conseguir el diccionario actualizado con una plétora de palabras, tienes que registrar esta versión de Bookworm Deluxe.</String>

<String id="OPEN_BROWSER">ABRIR NAVEGADOR</String>
<String id="OPEN_BROWSER_TEXT">Abre el siguiente URL en tu navegador:&cr;</String>
<String id="OPENING_BROWSER">Abriendo el navegador...</String>

<String id="CONTINUE_QUESTION">¿CONTINUAR?</String>
<String id="CONTINUE_QUESTION_TEXT">Tu partida se guardó al salir. Si no continúas ahora, esa partida se perderá.&cr;&cr;¿Quieres continuar la última partida?</String>

<String id="QUIT_BOOKWORM">SALIR</String>
<String id="QUIT_BOOKWORM_TEXT">¿Seguro que quieres&cr;salir del juego?</String>
<String id="QUIT_BOOKWORM_TEXT_ADD">Tu juego actual en curso se guardará para que puedas continuar la próxima vez.</String>

<String id="LEAVE_GAME_QUESTION">¿SALIR DEL JUEGO?</String>
<String id="LEAVE_GAME_QUESTION_TEXT">Al salir, se guardará la sesión del juego.</String>

<String id="NO_WINDOWED">Sin ventanas</String>
<String id="NO_WINDOWED_TEXT">El modo Con ventanas sólo está disponible si tu equipo se encuentra en el modo de color de 16 o 32 bits.</String>

<String id="UPDATES">ACTUALIZACIONES</String>
<String id="UPDATES_TEXT">Las versiones nuevas pueden incluir más opciones y corregir errores.  Se necesita una conexión a Internet activa.&cr;&cr;¿Quieres buscar actualizaciones de BookWorm?</String>

<String id="LEVEL_UP">¡PASAS DE NIVEL!</String>
<String id="X_POINTS">%d puntos</String>
<String id="X_POINTS_STRING">%s puntos</String>
<String id="LEVEL_X">Nivel %d</String>
<String id="X_BONUS">+%s ¡BONIFICACIÓN!</String>

<String id="HIGH_SCORE">Puntuación más alta</String>
<String id="NEW_GAME">Nueva</String>

<String id="BEST_WORD">Mejor palabra:</String>
<String id="LONGEST_WORD">Palabra más larga:</String>
<String id="X_LETTERS">(%d letras)</String>
<String id="TIME">Tiempo</String>
<String id="TOTAL">Total</String>
<String id="YOUR_RANK">Tu posición:</String>
<String id="NEXT_RANK_AT">Próxima posición a</String>

<String id="FOR_X">Para %s</String>
<String id="PTS">puntos</String>

<StringArray id="RANK_NAMES">
	<String>Pirómano de libros</String>
	<String>Vendedor de libros</String>
	<String>Aprendiz</String>
	<String>Dependiente</String>
	<String>Escriba</String>
	<String>Tenedor de libros</String>
	<String>Encuadernador</String>
	<String>Corrector</String>
	<String>Ayudante</String>
	<String>Bibliotecaria</String>
	<String>Bibliotecaria senior</String>
	<String>Archivista</String>
	<String>Gran archivista</String>
	<String>Redactor</String>
	<String>Redactor jefe</String>
	<String>Editor</String>
	<String>Editor emérito</String>
	<String>Glosógrafo</String>
	<String>Cazador de palabras</String>
	<String>Acaparador de palabras</String>
	<String>Maestro terminólogo</String>
	<String>Vocabulista</String>
	<String>Tesauro</String>
	<String>Tesauro Rex</String>
	<String>Lexicógrafo</String>
	<String>Lexicógrafo de 1ª clase</String>
	<String>Diccionario</String>
	<String>Súper diccionario</String>
	<String>Bookworm</String>
	<String>Mega Bookworm</String>
	<String>Ultra Bookworm</String>
	<String>Bookworm supremo</String>
</StringArray>

<StringArray id="HINT_DIALOG_TITLES">
	<String>Cómo jugar</String>
	<String>¡Cuidado!</String>
	<String>¡Bonificación!</String>
	<String>¡Super ficha!</String>
	<String>¡Cuidado!</String>
	<String>Botón enviar</String>
	<String>Hacer clic</String>
	<String>Arrastrar</String>
	<String>El teclado</String>
	<String>¡Palabra de bonificación!</String>
	<String>¡Incendio!</String>
</StringArray>

<StringArray id="HINT_DIALOG_TEXTS">
	<String>Junta las letras para formar palabras. ¡Las palabras más largas valen más puntos!</String>
	<String>¡No dejes que las fichas de fuego lleguen a la parte inferior o incendiarán tu biblioteca!  PISTA: Forma palabras más largas y tendrás menos fichas rojas.</String>
	<String>Utiliza esa ficha verde en una palabra para conseguir puntos de bonificación extra.</String>
	<String>¡Las fichas de oro valen mega puntos!  ¡Crea palabras con más de 5 letras y podrás ganar más fichas de oro!</String>
	<String>Al mezclar las letras aparecerán las fichas de fuego, así que hazlo con moderación.</String>
	<String>Para enviar las palabras seleccionadas también puedes hacer clic en el botón ENVIAR.</String>
	<String>Para enviar las palabras seleccionadas también puedes hacer clic en la última ficha de la palabra.</String>
	<String>Para enviar las palabras seleccionadas también puedes hacer clic con el botón primario del ratón y arrastrar para seleccionar fichas.  Suelta el botón del ratón para enviar la palabra.</String>
	<String>Para enviar las palabras seleccionadas también puedes pulsar la tecla ENTER del teclado.</String>
	<String>Para conseguir más puntos, envía una palabra que coincida con la Palabra de bonificación.</String>
	<String>¡Esa ficha de fuego está demasiado cerca!  ¡Úsala en este turno o tu biblioteca se incendiará!</String>
</StringArray>

<StringArray id="HELP_BUTTON_NAMES">
	<String>Palabras</String>
	<String>Fichas</String>
	<String>Puntuación</String>
	<String>Modo Acción</String>
	<String>Salón de la fama</String>
</StringArray>

<StringArray id="HELP_BUTTON_TEXTS">
	<String>Las palabras de bonificación aparecen al principio del segundo nivel, debajo del Bookworm. Si creas esa palabra, ganarás una buena bonificación para tu puntuación. ¡Si completas varias palabras de bonificación seguidas conseguirás bonificaciones más y más grandes!</String>
	<String>Las fichas verdes aparecen aleatoriamente y aumentan la puntuación de la palabra. Para ganar fichas de oro, crea palabras que contengan 5 letras o más. Combina 2 o más fichas de recompensa en una palabra para conseguir mejores puntuaciones. ¡Además puedes ganar fichas de diamante y zafiro!</String>
	<String>Consigues puntos según la longitud de cada palabra, la poca frecuencia de las letras, tanto si hay fichas de recompensa como si no y según en qué nivel del juego estás.</String>
	<String>¡Si buscas un juego de ritmo rápido, prueba el modo Acción! En esta versión del juego tienes que formar palabras rápidamente, porque no paran de caer nuevas fichas de fuego y quemarán tus letras tanto si haces jugada como si no.</String>
	<String>Si consigues una gran puntuación, podrás grabar tu nombre en el Salón de la fama. Lo mismo ocurre con palabras de longitud o valor excepcional. El Salón de la fama sólo graba puntuaciones de usuarios de este ordenador.</String>
</StringArray>

<StringArray id="HELP_TEXTS">
	<String>Haz clic en las letras para formar palabras.</String>
	<String>Haz clic en Enviar&cr;para confirmar las palabras.</String>
	<String>¡Cuidado con las fichas de fuego! Si llegan abajo, ¡fin del juego!</String>
	<String>¡Haz clic en el Bookworm para mezclar todas las letras!</String>
</StringArray>
<StringArray id="HELP_TEXTS_LINES">
	<String>2</String>
	<String>3</String>
	<String>4</String>
	<String>4</String>
</StringArray>

<String id="CLICK_MORE_HELP">Haz clic en un botón de la izquierda para obtener más ayuda.</String>
<String id="DONT_SHOW_SCREEN">No mostrar esta pantalla al inicio.</String>
<String id="CLICK_DISABLE_HINTS">Desactivar las pistas</String>

<String id="MAKE_X_FOR_BONUS">Haz la palabra “%s” para conseguir puntos de bonificación.</String>

<String id="CLICK_SCRAMBLE">¡Haz clic en mí para mezclar las fichas!</String>
<String id="CLICK_SCRAMBLE_WARNING">¡Hola, %s!  Haz clic en mí para mezclar todas las fichas.  ¡Pero ten cuidado! ¡Eso hará que aparezcan fichas abrasadoras!</String>

<String id="CANT_SCRAMBLE">¡No se puede mezclar!</String>
<String id="CANT_SCRAMBLE_TEXT_1">¡Si mezclas ahora pondrás muchas fichas de fuego en el tablero!</String>
<String id="CANT_SCRAMBLE_TEXT_2">¡Si mezclas ahora, perderás el juego!</String>

<String id="WELCOME_TO">¡Hola</String>
<String id="WELCOME_TO_TITLE">Bienvenido a Bookworm</String>
<String id="WELCOME_BACK">¡Hola de nuevo,</String>

<String id="NEW_USER">NUEVO USUARIO</String>
<String id="NEW_USER_TEXT">Escribe tu nombre .</String>
<String id="ENTER_YOUR_NAME">Escribe tu nombre.</String>
<String id="ENTER_YOUR_NAME_TEXT"></String>
<String id="ENTER_YOUR_NAME_EXAMPLE">Escribe tu nombre para crear un perfil. &cr;&cr;(Por ejemplo &quot;Pedro&quot; o &quot;María&quot;.) </String>
<String id="IF_NOT_YOU">(Si no eres tú, haz clic aquí.)</String>

<String id="NAME_CONFLICT">¡Conflicto de nombres!</String>
<String id="NAME_CONFLICT_TEXT">El nombre que has escrito está en uso. Por favor escribe otro.</String>
                                          
<String id="DELETE_WHO">¿BORRAR A QUIÉN?</String>
<String id="DELETE_WHO_TEXT">¡Si borras a un jugador eliminarás permanentemente su nombre de la lista!</String>

<String id="ARE_YOU_SURE">¿SEGURO?</String>
<String id="ARE_YOU_SURE_TEXT">¡Eliminarás permanentemente a '%s' de la lista de jugadores!</String>

<String id="OPTIONS">OPCIONES</String>
<String id="HELP">Ayuda</String>
<String id="CREDITS">Créditos</String>
<String id="MUSIC">Música</String>
<String id="SOUND_FX">Sonido</String>
<String id="FULL_SCREEN">Pantalla completa</String>
<String id="CUSTOM_CURSORS">Personalizar cursores</String>
<String id="SHOW_HINTS">Mostrar pistas</String>
<String id="SHOW_DEFINITIONS">Mostrar definiciones</String>
<String id="RETURN_TO_GAME">VOLVER AL JUEGO</String>

<Boolean id="HAS_DEFINITIONS">false</Boolean>

<StringArray id="CREDITS_TITLES">
	<String>- Diseño del juego -</String>
	<String>Jason Kapalka</String>
	<String>- Programación -</String>
	<String>Nick Newhard & Brian Fiete</String>
	<String>- Asistencia Técnica -</String>
	<String>David Parton</String>
	<String>- Arte -</String>
	<String>Tysen L. Henderson & Gary Clair</String>
	<String>- Música -</String>
	<String>Skaven</String>
	<String>- Marketing y Negocios -</String>
	<String>John Vechey & Don Walters</String>
	<String>- Control de Calidad -</String>
	<String>Eric J. Harman & Brenna Flood</String>
	<String>- Localización -</String>
	<String>Mark Coffey, Jonathon Young,</String>
    <String>Ariel Di Veroli & Karl Byrne</String>
</StringArray>

<String id="REGISTRATION">REGISTRO</String>
<String id="WHO_ARE_YOU">¿QUIÉN ERES?</String>
<String id="CREATE_NEW_USER">(Crear un nuevo usuario)</String>
<String id="DELETE_USER">(Borrar un usuario)</String>

<String id="PLEASE_REGISTER">¡REGÍSTRATE!</String>
<String id="PLEASE_REGISTER_TEXT">¡Tu versión de prueba ha caducado!&cr;&cr;Tienes que registrarte para seguir jugando a BookWorm</String>

<String id="WAIT_UNPACKING_SOUNDS">Espera, desempaquetando sonidos...</String>
<String id="ONE_MOMENT_PLEASE">ESPERA UN MOMENTO...</String>
<String id="CLICK_PLAY">¡HAZ CLIC AQUÍ PARA JUgAR!</String>
<String id="CLICK_REGISTER">¡HAZ CLIC AQUÍ PARA REGISTRARTE AHORA!</String>
<String id="THANKS_FOR_REGISTERING">¡GRACIAS POR REGISTRARTE!</String>
<String id="MUST_REGISTER_PLAY_MORE">¡Regístrate para jugar más!</String>
<String id="UNREGISTERED_VERSION">VERSIÓN NO REGISTRADA</String>
<String id="YOU_HAVE_X_FREE_PLAYS_REMAINING">Te quedan %d juegos gratis</String>
<String id="YOU_HAVE_ONE_FREE_PLAYS_REMAINING">Te queda 1 juego gratis</String>
<String id="YOU_HAVE_ZERO_FREE_PLAYS_REMAINING">TE QUEDAN 0 JUEGOS GRATIS</String>

<StringArray id="REGISTER_REASONS">
	<String>¡Regístrate para actualizar tu diccionario de Bookworm!</String>
	<String>¡Regístrate ahora para tener una sensación curiosa y cálida!</String>
	<String>¡Regístrate ahora para desbloquear este juego!</String>
</StringArray>

<String id="ALREADY_REGISTERD">Ya está registrado</String>
<String id="ALREADY_REGISTERD_TEXT">Ya has registrado BookWorm.</String>

<String id="INVALID_CODE">El código no es válido</String>
<String id="INVALID_CODE_TEXT">El código de licencia que has especificado no es válido para ese nombre.&cr;&cr;Comprueba que el nombre y el número de registro están escritos correctamente.</String>

<String id="THANK_YOU">¡GRACIAS!</String>
<String id="THANK_YOU_TEXT">¡GRACIAS POR REGISTRARTE!&cr;&cr;Tu diccionario se ha actualizado con palabras más largas y al pulsar las teclas del teclado se visualizarán las fichas que coinciden.</String>


<String id="FOR_TODAY">Hoy</String>
<String id="ALL_TIME">Todos los tiempos</String>
<String id="HARDWARE_ACCELERATION">Aceleración 3D</String>

<!--
letter(s)	freq.	value
CH			1		5
LL			1		8
Ñ			1		8
RR			1		8

no-shows: K & W
-->

<StringArray id="LETTER_VALUES">
	<String>1</String>     <!-- A -->
	<String>3</String>     <!-- B -->
	<String>5</String>     <!-- C -->
	<String>2</String>     <!-- D -->
	<String>1</String>     <!-- E -->
	<String>4</String>     <!-- F -->
	<String>2</String>     <!-- G -->
	<String>4</String>     <!-- H -->
	<String>1</String>     <!-- I -->
	<String>8</String>     <!-- J -->
	<String>10</String>     <!-- K -->
	<String>1</String>     <!-- L -->
	<String>3</String>     <!-- M -->
	<String>1</String>     <!-- N -->
	<String>1</String>     <!-- O -->
	<String>3</String>     <!-- P -->
	<String>5</String>     <!-- Q -->
	<String>1</String>     <!-- R -->
	<String>1</String>     <!-- S -->
	<String>1</String>     <!-- T -->
	<String>1</String>     <!-- U -->
	<String>4</String>     <!-- V -->
	<String>10</String>     <!-- W -->
	<String>8</String>     <!-- X -->
	<String>4</String>     <!-- Y -->
	<String>10</String>     <!-- Z -->
</StringArray>

<StringArray id="LETTER_FREQS">
	<String>46899</String>	<!-- A -->
	<String>6372</String>	<!-- B -->
	<String>12403</String>	<!-- C -->
	<String>9018</String>	<!-- D -->
	<String>33055</String>	<!-- E -->
	<String>2799</String>	<!-- F -->
	<String>4225</String>	<!-- G -->
	<String>2760</String>	<!-- H -->
	<String>21939</String>	<!-- I -->
	<String>1651</String>	<!-- J -->
	<String>134</String>	<!-- K -->
	<String>10330</String>	<!-- L -->
	<String>8893</String>	<!-- M -->
	<String>17569</String>	<!-- N -->
	<String>19353</String>	<!-- O -->
	<String>6600</String>	<!-- P -->
	<String>1059</String>	<!-- Q -->
	<String>26221</String>	<!-- R -->
	<String>24918</String>	<!-- S -->
	<String>11693</String>	<!-- T -->
	<String>8236</String>	<!-- U -->
	<String>2554</String>	<!-- V -->
	<String>30</String>	<!-- W -->
	<String>614</String>	<!-- X -->
	<String>498</String>	<!-- Y -->
	<String>1981</String>	<!-- Z -->
</StringArray>

<String id = "STRING_LANG">ES</String>
<String id = "STRING_VERSION">Versión&nbsp;</String>
<String id = "LOCALE">Spanish_Spain</String>
<String id="EX_MARK">!</String>

</Properties>
