﻿<Properties>
<Boolean id="NoReg">true</Boolean>
<Boolean id="DontUpdate">false</Boolean>
<Boolean id="NoInternetScores">true</Boolean>
<Boolean id="DefaultWindowed">false</Boolean>
<Boolean id="ShowTrialStatus">false</Boolean>
<Integer id="LoadingBarY">330</Integer>
<Integer id="OptionsDialogHeight">315</Integer>
<Integer id="NumOptionsLinks">1</Integer>
<String id="OptionsLinkText0">¡Juega Otros Juegos Geniales!</String>
<String id="OptionsLinkURL0">http://www.popcap.com</String>

<String id="ProdName">Bookworm</String>
<String id="WindowCaption">Comprar Bookworm Deluxe</String>
<String id="DoYouWantToPlayNow">¿Quieres jugar ahora?</String>
<String id="DisplayName">Bookworm Deluxe</String>
<String id="Offering">10087</String>
<String id="RegistryKey">PopCap\Bookworm</String>
<Integer id="Height">480</Integer>
<Integer id="Width">640</Integer>
<Boolean id="VistaCompliant">true</Boolean>
</Properties>
